<?xml version="1.0" encoding="UTF-8" ?>
<!DOCTYPE mapper PUBLIC "-//mybatis.org//DTD Mapper 3.0//EN"
        "http://mybatis.org/dtd/mybatis-3-mapper.dtd">

<mapper namespace="com.project.WYW.mapper.adminMapper">
    <select id="category" resultType="CategoryVo">
        WITH recursive p AS (SELECT cate_name, cate_code, cate_code_ref, 1 AS level
                             FROM products_category
                             WHERE products_category.cate_code_ref IS null
                             UNION all
                             SELECT pc.cate_name, pc.cate_code, pc.cate_code_ref, 1 + LEVEL AS level
                             FROM products_category pc
                                      INNER JOIN p
                                                 ON pc.cate_code_ref = p.cate_code)
        SELECT cate_name, cate_code, cate_code_ref, level
        FROM p;
    </select>

    <insert id="regProduct" parameterType="ProductsVo">
        INSERT INTO products (user_id, name, description, cate_code, price, stock)
        VALUES (#{userId},#{name},#{description},#{cate_code},#{price},#{stock});

        <selectKey resultType="int" keyProperty="id" order="AFTER">

            SELECT LAST_INSERT_ID();

        </selectKey>
    </insert>

    <select id="productsList" resultType="ProductsVo">
        SELECT *
        from products
        ORDER BY created_at DESC;
    </select>

    <select id="readProduct" parameterType="int" resultType="ProductsVo">
        SELECT *
        from products
        WHERE id = #{id};
    </select>

    <update id="modifiyProduct" parameterType="ProductsVo">
        UPDATE products
        SET name=#{name},
            description=#{description},
            cate_code=#{cate_code},
            price=#{price},
            stock=#{stock}
        WHERE id = #{id};
    </update>

    <delete id="deleteProduct" parameterType="int">
        DELETE
        FROM products
        WHERE id = #{id};
    </delete>

    <delete id="deleteAllProduct">
        DELETE
        FROM products;
    </delete>


    <select id="productsView" parameterType="int" resultType="ProductsViewVo">
        SELECT p.id,
               user_id,
               name,
               p.cate_code,
               c.cate_code_ref,
               c.cate_name,
               price,
               stock,
               description,
               ratingAvg,
               created_at
        FROM products p
                 INNER JOIN products_category c
                            ON p.cate_code = c.cate_code
        WHERE p.id = #{id};
    </select>

    <select id="productsViewList" resultType="ProductsViewVo">
        SELECT
        p.id , user_id ,name, p.cate_code, c.cate_code_ref, c.cate_name, price, stock, description,
        ratingAvg,cumulative_sales,
        created_at
        FROM products p
        INNER JOIN products_category c
        ON p.cate_code = c.cate_code
        <if test="keyword != null">
            WHERE name like concat ('%', #{keyword}, '%')
        </if>
        <choose>
            <when test='order == "CS"'>
                ORDER BY cumulative_sales DESC, id DESC
            </when>
            <when test='order=="P"'>
                ORDER BY price DESC, id DESC
            </when>
            <when test='order=="ST"'>
                ORDER BY stock DESC, id DESC
            </when>
            <otherwise>
                ORDER BY created_at DESC, id DESC
            </otherwise>
        </choose>
        limit #{skip}, #{amount};
    </select>

    <select id="productsGetTotal" resultType="int">

        SELECT count(*) FROM products

        <if test="keyword != null">

            WHERE (name like concat ('%', #{keyword}, '%'))

        </if>

    </select>

    <insert id="imageReg" parameterType="AttachImageVO">
        INSERT INTO products_image (product_id, file_name, upload_path, uuid)
        VALUES (#{product_id}, #{file_name}, #{upload_path}, #{uuid});
    </insert>

    <delete id="deleteImageAll" parameterType="int">

        DELETE
        FROM products_image
        where product_id = #{product_id};

    </delete>


    <select id="getAttachInfo" parameterType="int" resultType="AttachImageVO">

        SELECT *
        FROM products_image
        WHERE product_id = #{product_id};

    </select>


    <select id="getOrderList" resultType="OrderDto">

        SELECT
        order_id AS orderId,
        receiver,
        user_id AS userId,
        address1,
        address2,
        address3,
        mobile,
        order_state AS orderState,
        order_date AS orderDate
        FROM orders
        <if test="keyword != null">
            WHERE user_id LIKE concat('%',#{keyword}, '%')
        </if>
        ORDER BY order_date DESC
        limit #{skip}, #{amount}

    </select>

    <select id="getOrderTotal" resultType="int">

        SELECT count(*) FROM orders

        <if test="keyword != null">
            WHERE user_id LIKE concat('%',#{keyword}, '%')
        </if>
    </select>


</mapper>