<?xml version="1.0" encoding="UTF-8" ?>
<!DOCTYPE mapper PUBLIC "-//mybatis.org//DTD Mapper 3.0//EN"
        "http://mybatis.org/dtd/mybatis-3-mapper.dtd">

<mapper namespace="com.project.WYW.mapppr.boardMapper">
    <select id="count" resultType="int">
        SELECT count(*) FROM board
    </select>

    <delete id="deleteAll">
        DELETE FROM board
    </delete>

    <delete id="delete" parameterType="map">
        DELETE FROM board WHERE bno = #{bno} and writer = #{writer}
    </delete>

    <delete id="deleteAdmin" parameterType="int">
        DELETE FROM board WHERE bno = #{bno}
    </delete>


    <insert id="insert" parameterType="BoardDto">
        INSERT INTO board
            (title, content, writer)
        VALUES
            (#{title}, #{content}, #{writer})
    </insert>

    <select id="selectAll" resultType="BoardDto">
        SELECT bno, title, content, writer, view_cnt, comment_cnt, reg_date
        FROM board
        ORDER BY reg_date DESC, bno DESC
    </select>

    <sql id="selectFromBoard">
        SELECT bno, title, content, writer, view_cnt, comment_cnt, reg_date
        FROM board
    </sql>

    <select id="select" parameterType="int" resultType="BoardDto">
        <include refid="selectFromBoard"/>
        WHERE bno = #{bno}
    </select>

    <select id="selectPage" parameterType="map" resultType="BoardDto">
        <include refid="selectFromBoard"/>
        ORDER BY reg_date DESC, bno DESC
        LIMIT #{offset}, #{pageSize}
    </select>

    <update id="update" parameterType="BoardDto">
        UPDATE board
        SET   title = #{title}
          , content = #{content}
          , up_date = now()
        WHERE bno = #{bno}
    </update>

    <update id="updateCommentCnt" parameterType="map">
        UPDATE board
        SET   comment_cnt = comment_cnt + #{cnt}
        WHERE bno = #{bno}
    </update>

    <update id="increaseViewCnt" parameterType="int">
        UPDATE board
        SET   view_cnt = view_cnt + 1
        WHERE bno = #{bno}
    </update>

    <sql id="searchCondition">
        <choose>
            <when test='option=="T"'>
                AND title LIKE concat('%', #{keyword}, '%')
            </when>
            <when test='option=="W"'>
                AND writer LIKE concat('%', #{keyword}, '%')
            </when>
            <otherwise>
                AND (title   LIKE concat('%', #{keyword}, '%')
                OR   content LIKE concat('%', #{keyword}, '%'))
            </otherwise>
        </choose>
    </sql>

    <select id="searchSelectPage" parameterType="SearchCondition" resultType="BoardDto">
        SELECT bno, title, content, writer, view_cnt, comment_cnt, reg_date
        FROM  board
        WHERE true
        <include refid="searchCondition"/>
        ORDER BY reg_date DESC, bno DESC
        LIMIT #{offset}, #{pageSize}
    </select>

    <select id="searchResultCnt" parameterType="SearchCondition" resultType="int">
        SELECT count(*)
        FROM  board
        WHERE true
        <include refid="searchCondition"/>
    </select>


</mapper>