<?xml version="1.0" encoding="UTF-8" ?>
<!DOCTYPE mapper PUBLIC "-//mybatis.org//DTD Mapper 3.0//EN"
        "http://mybatis.org/dtd/mybatis-3-mapper.dtd">

<mapper namespace="com.project.WYW.mapper.questionMapper">
    <select id="countQuestion" resultType="int">
        SELECT count(*) FROM question
    </select>

    <delete id="deleteAllQuestion">
        DELETE FROM question
    </delete>

    <delete id="deleteQuestion" parameterType="map">
        DELETE FROM question WHERE bno = #{bno} and writer = #{writer}
    </delete>

    <delete id="deleteQuestionAdmin" parameterType="int">
        DELETE FROM question WHERE bno = #{bno}
    </delete>

    <insert id="insertQuestion" parameterType="QuestionDto">
        INSERT INTO question
            (title, content, writer)
        VALUES
            (#{title}, #{content}, #{writer})
    </insert>

    <select id="selectAllQuestion" resultType="QuestionDto">
        SELECT bno, title, content, writer, view_cnt, comment_cnt, reg_date
        FROM question
        ORDER BY reg_date DESC, bno DESC
    </select>

    <sql id="selectFromQuestion">
        SELECT bno, title, content, writer, view_cnt, comment_cnt, reg_date
        FROM question
    </sql>

    <select id="selectQuestion" parameterType="int" resultType="QuestionDto">
        <include refid="selectFromQuestion"/>
        WHERE bno = #{bno}
    </select>

    <select id="selectPageQuestion" parameterType="map" resultType="QuestionDto">
        <include refid="selectFromQuestion"/>
        ORDER BY reg_date DESC, bno DESC
        LIMIT #{offset}, #{pageSize}
    </select>

    <update id="updateQuestion" parameterType="QuestionDto">
        UPDATE question
        SET   title = #{title}
          , content = #{content}
          , up_date = now()
        WHERE bno = #{bno}
    </update>


    <update id="updateCommentCntQuestion" parameterType="map">
        UPDATE question
        SET   comment_cnt = comment_cnt + #{cnt}
        WHERE bno = #{bno}
    </update>



    <update id="increaseViewCntQuestion" parameterType="int">
        UPDATE question
        SET   view_cnt = view_cnt + 1
        WHERE bno = #{bno}
    </update>

    <sql id="searchConditionQuestion">
        <choose>
            <when test='option=="T"'>
                AND title LIKE concat('%', #{keyword}, '%')
            </when>
            <when test='option=="W"'>
                AND writer LIKE concat('%', #{keyword}, '%')
            </when>
            <otherwise>
                AND (title   LIKE concat('%', #{keyword}, '%')
                OR   content LIKE concat('%', #{keyword}, '%'))
            </otherwise>
        </choose>
    </sql>


    <select id="searchSelectPageQuestion" parameterType="SearchCondition" resultType="QuestionDto">
        SELECT bno, title, content, writer, view_cnt, comment_cnt, reg_date
        FROM  question
        WHERE true
        <include refid="searchConditionQuestion"/>
        ORDER BY reg_date DESC, bno DESC
        LIMIT #{offset}, #{pageSize}
    </select>


    <select id="searchResultCntQuestion" parameterType="SearchCondition" resultType="int">
        SELECT count(*)
        FROM  question
        WHERE true
        <include refid="searchConditionQuestion"/>
    </select>
</mapper>