<?xml version="1.0" encoding="UTF-8"?>
<beans:beans xmlns="http://www.springframework.org/schema/mvc"
	xmlns:xsi="http://www.w3.org/2001/XMLSchema-instance"
	xmlns:beans="http://www.springframework.org/schema/beans"
	xmlns:context="http://www.springframework.org/schema/context"
	xsi:schemaLocation="http://www.springframework.org/schema/mvc https://www.springframework.org/schema/mvc/spring-mvc.xsd
		http://www.springframework.org/schema/beans https://www.springframework.org/schema/beans/spring-beans.xsd
		http://www.springframework.org/schema/context https://www.springframework.org/schema/context/spring-context.xsd">

	<!-- DispatcherServlet Context: defines this servlet's request-processing infrastructure -->
	
	<!-- Enables the Spring MVC @Controller programming model -->
	<annotation-driven />

	<!-- Handles HTTP GET requests for /resources/** by efficiently serving up static resources in the ${webappRoot}/resources directory -->
	<resources mapping="/**" location="/resources/" />
	<resources mapping="/upload" location="/resources/img/upload" />

	<!-- Resolves views selected for rendering by @Controllers to .jsp resources in the /WEB-INF/views directory -->
	<beans:bean class="org.springframework.web.servlet.view.InternalResourceViewResolver">
		<beans:property name="prefix" value="/WEB-INF/views/" />
		<beans:property name="suffix" value=".jsp" />
	</beans:bean>

	<context:component-scan base-package="com.project.WYW.*" />

	<!--인터셉터-->
	<interceptors>
		<interceptor>
			<mapping path="/users/login.do"/>
			<beans:bean id="loginINTCP" class="com.project.WYW.Interceptor.LoginINTCP"></beans:bean>
		</interceptor>
		<interceptor>
			<mapping path="/admin/**"/>
			<beans:bean id="adminINTCP" class="com.project.WYW.Interceptor.AdminINTCP"></beans:bean>
		</interceptor>
		<interceptor>
			<mapping path="/cart/**"/>
			<beans:bean id="CartINTCP" class="com.project.WYW.Interceptor.CartINTCP"></beans:bean>
		</interceptor>
		<interceptor>
			<mapping path="/order/**"/>
			<beans:bean id="OrderINTCP" class="com.project.WYW.Interceptor.OrderINTCP"></beans:bean>
		</interceptor>
		<interceptor>
			<mapping path="/mypage/**"/>
			<beans:bean id="MyPageINTCP" class="com.project.WYW.Interceptor.MyPageINTCP"></beans:bean>
		</interceptor>
		<interceptor>
			<mapping path="/wish/**"/>
			<beans:bean id="WishINTCP" class="com.project.WYW.Interceptor.WishINTCP"></beans:bean>
		</interceptor>
	</interceptors>
	<view-controller path="/" view-name="index"/>
	<beans:bean id="multipartResolver" class="org.springframework.web.multipart.support.StandardServletMultipartResolver"></beans:bean>
</beans:beans>
